{
  "test_chrome_facebook_ft_type_composerbox_100_txt": {
    "time_list": [
      {
        "long_frame": 222.22222222222263, 
        "frame_throughput": 0.13602941176470587, 
        "expected_frames": 544, 
        "time_sequence": [
          28122.222222222223, 
          28133.333333333332, 
          28200.0, 
          28255.555555555555, 
          28411.11111111111, 
          28500.0, 
          28700.0, 
          28833.333333333332, 
          28888.88888888889, 
          28977.777777777777, 
          29044.444444444445, 
          29111.11111111111, 
          29244.444444444445, 
          29388.88888888889, 
          29455.555555555555, 
          29522.222222222223, 
          29611.11111111111, 
          29677.777777777777, 
          29744.444444444445, 
          29811.11111111111, 
          29888.88888888889, 
          29944.444444444445, 
          30022.222222222223, 
          30111.11111111111, 
          30244.444444444445, 
          30311.11111111111, 
          30511.11111111111, 
          30655.555555555555, 
          30722.222222222223, 
          30788.88888888889, 
          30855.555555555555, 
          30922.222222222223, 
          31077.777777777777, 
          31211.11111111111, 
          31288.88888888889, 
          31355.555555555555, 
          31422.222222222223, 
          31488.88888888889, 
          31555.555555555555, 
          31622.222222222223, 
          31711.11111111111, 
          31777.777777777777, 
          31844.444444444445, 
          31911.11111111111, 
          32055.555555555555, 
          32122.222222222223, 
          32344.444444444445, 
          32477.777777777777, 
          32555.555555555555, 
          32622.222222222223, 
          32688.88888888889, 
          32755.555555555555, 
          32888.88888888889, 
          33044.444444444445, 
          33111.11111111111, 
          33177.77777777778, 
          33244.444444444445, 
          33322.22222222222, 
          33388.88888888889, 
          33455.555555555555, 
          33522.22222222222, 
          33588.88888888889, 
          33677.77777777778, 
          33744.444444444445, 
          33877.77777777778, 
          33944.444444444445, 
          33977.77777777778, 
          34011.11111111111, 
          34055.555555555555, 
          34077.77777777778, 
          34088.88888888889, 
          34111.11111111111, 
          34144.444444444445, 
          34155.555555555555
        ], 
        "run_time": 6033.333333333332, 
        "freeze_frames": 470, 
        "folder": "test_chrome_facebook_ft_type_composerbox_100_txt_1494400655", 
        "actual_paint_frames": 74
      }
    ], 
    "web_app_name": "facebook", 
    "description": null, 
    "detail": [
      {
        "start": "C:\\Users\\user\\Hasal\\output\\images\\output\\test_chrome_facebook_ft_type_composerbox_100_txt_1494400655\\image_02531.bmp", 
        "time_seq": 28122.222222222223
      }, 
      {
        "time_seq": 34155.555555555555, 
        "end": "C:\\Users\\user\\Hasal\\output\\images\\output\\test_chrome_facebook_ft_type_composerbox_100_txt_1494400655\\image_03074.bmp"
      }
    ], 
    "total_run_no": 1, 
    "pkg_platform": "", 
    "error_no": 0, 
    "video_fp": "C:\\Users\\user\\Hasal\\output\\videos\\test_chrome_facebook_ft_type_composerbox_100_txt_1494400655.mkv", 
    "revision": ""
  }, 
  "test_firefox_facebook_ft_type_composerbox_100_txt": {
    "time_list": [
      {
        "long_frame": 233.33333333333576, 
        "frame_throughput": 0.137291280148423, 
        "run_time": 5977.777777777781, 
        "freeze_frames": 465, 
        "time_sequence": [
          31000.0, 
          31011.11111111111, 
          31122.222222222223, 
          31200.0, 
          31277.777777777777, 
          31322.222222222223, 
          31477.777777777777, 
          31622.222222222223, 
          31711.11111111111, 
          31777.777777777777, 
          31822.222222222223, 
          31911.11111111111, 
          32066.666666666668, 
          32200.0, 
          32277.777777777777, 
          32322.222222222223, 
          32400.0, 
          32477.777777777777, 
          32544.444444444445, 
          32611.11111111111, 
          32700.0, 
          32744.444444444445, 
          32822.22222222222, 
          32922.22222222222, 
          33044.444444444445, 
          33100.0, 
          33333.333333333336, 
          33444.444444444445, 
          33533.333333333336, 
          33600.0, 
          33655.555555555555, 
          33744.444444444445, 
          33877.77777777778, 
          34011.11111111111, 
          34100.0, 
          34155.555555555555, 
          34233.333333333336, 
          34311.11111111111, 
          34355.555555555555, 
          34422.22222222222, 
          34511.11111111111, 
          34577.77777777778, 
          34644.444444444445, 
          34733.333333333336, 
          34855.555555555555, 
          34933.333333333336, 
          35122.22222222222, 
          35277.77777777778, 
          35355.555555555555, 
          35433.333333333336, 
          35477.77777777778, 
          35566.666666666664, 
          35700.0, 
          35822.22222222222, 
          35911.11111111111, 
          35977.77777777778, 
          36044.444444444445, 
          36111.11111111111, 
          36177.77777777778, 
          36266.666666666664, 
          36333.333333333336, 
          36400.0, 
          36477.77777777778, 
          36533.333333333336, 
          36677.77777777778, 
          36777.77777777778, 
          36833.333333333336, 
          36844.444444444445, 
          36855.555555555555, 
          36877.77777777778, 
          36900.0, 
          36911.11111111111, 
          36933.333333333336, 
          36977.77777777778
        ], 
        "folder": "test_firefox_facebook_ft_type_composerbox_100_txt_1494401259", 
        "actual_paint_frames": 74, 
        "expected_frames": 539
      }
    ], 
    "web_app_name": "facebook", 
    "description": null, 
    "detail": [
      {
        "start": "C:\\Users\\user\\Hasal\\output\\images\\output\\test_firefox_facebook_ft_type_composerbox_100_txt_1494401259\\image_02790.bmp", 
        "time_seq": 31000.0
      }, 
      {
        "time_seq": 36977.77777777778, 
        "end": "C:\\Users\\user\\Hasal\\output\\images\\output\\test_firefox_facebook_ft_type_composerbox_100_txt_1494401259\\image_03328.bmp"
      }
    ], 
    "total_run_no": 1, 
    "pkg_platform": "", 
    "error_no": 0, 
    "video_fp": "C:\\Users\\user\\Hasal\\output\\videos\\test_firefox_facebook_ft_type_composerbox_100_txt_1494401259.mkv", 
    "revision": ""
  }
}