{
  "test_chrome_facebook_ft_type_composerbox_100_txt": {
    "time_list": [
      {
        "long_frame": 144.44444444444525, 
        "frame_throughput": 0.19289340101522842, 
        "run_time": 4366.666666666664, 
        "freeze_frames": 318, 
        "time_sequence": [
          28166.666666666668, 
          28177.777777777777, 
          28211.11111111111, 
          28266.666666666668, 
          28377.777777777777, 
          28433.333333333332, 
          28577.777777777777, 
          28677.777777777777, 
          28733.333333333332, 
          28777.777777777777, 
          28833.333333333332, 
          28877.777777777777, 
          28977.777777777777, 
          29077.777777777777, 
          29133.333333333332, 
          29177.777777777777, 
          29233.333333333332, 
          29277.777777777777, 
          29333.333333333332, 
          29377.777777777777, 
          29433.333333333332, 
          29477.777777777777, 
          29533.333333333332, 
          29577.777777777777, 
          29677.777777777777, 
          29733.333333333332, 
          29877.777777777777, 
          29977.777777777777, 
          30033.333333333332, 
          30077.777777777777, 
          30133.333333333332, 
          30177.777777777777, 
          30277.777777777777, 
          30377.777777777777, 
          30433.333333333332, 
          30477.777777777777, 
          30533.333333333332, 
          30577.777777777777, 
          30633.333333333332, 
          30677.777777777777, 
          30733.333333333332, 
          30777.777777777777, 
          30833.333333333332, 
          30877.777777777777, 
          30977.777777777777, 
          31033.333333333332, 
          31177.777777777777, 
          31277.777777777777, 
          31344.444444444445, 
          31377.777777777777, 
          31433.333333333332, 
          31477.777777777777, 
          31577.777777777777, 
          31677.777777777777, 
          31733.333333333332, 
          31777.777777777777, 
          31833.333333333332, 
          31877.777777777777, 
          31933.333333333332, 
          31977.777777777777, 
          32033.333333333332, 
          32077.777777777777, 
          32133.333333333332, 
          32177.777777777777, 
          32277.777777777777, 
          32333.333333333332, 
          32344.444444444445, 
          32377.777777777777, 
          32400.0, 
          32411.11111111111, 
          32444.444444444445, 
          32466.666666666668, 
          32477.777777777777, 
          32500.0, 
          32511.11111111111, 
          32533.333333333332
        ], 
        "folder": "test_chrome_facebook_ft_type_composerbox_100_txt_1494405245", 
        "actual_paint_frames": 76, 
        "expected_frames": 394
      }
    ], 
    "web_app_name": "facebook", 
    "description": null, 
    "detail": [
      {
        "start": "C:\\Users\\user\\Hasal\\output\\images\\output\\test_chrome_facebook_ft_type_composerbox_100_txt_1494405245\\image_02535.bmp", 
        "time_seq": 28166.666666666668
      }, 
      {
        "time_seq": 32533.333333333332, 
        "end": "C:\\Users\\user\\Hasal\\output\\images\\output\\test_chrome_facebook_ft_type_composerbox_100_txt_1494405245\\image_02928.bmp"
      }
    ], 
    "total_run_no": 1, 
    "pkg_platform": "", 
    "error_no": 0, 
    "video_fp": "C:\\Users\\user\\Hasal\\output\\videos\\test_chrome_facebook_ft_type_composerbox_100_txt_1494405245.mkv", 
    "revision": ""
  }, 
  "test_firefox_facebook_ft_type_composerbox_100_txt": {
    "time_list": [
      {
        "long_frame": 166.66666666666788, 
        "frame_throughput": 0.18527918781725888, 
        "expected_frames": 394, 
        "time_sequence": [
          27744.444444444445, 
          27755.555555555555, 
          27788.88888888889, 
          27811.11111111111, 
          27911.11111111111, 
          27955.555555555555, 
          28111.11111111111, 
          28222.222222222223, 
          28255.555555555555, 
          28300.0, 
          28355.555555555555, 
          28411.11111111111, 
          28511.11111111111, 
          28611.11111111111, 
          28677.777777777777, 
          28711.11111111111, 
          28755.555555555555, 
          28811.11111111111, 
          28855.555555555555, 
          28922.222222222223, 
          28977.777777777777, 
          29011.11111111111, 
          29055.555555555555, 
          29122.222222222223, 
          29211.11111111111, 
          29255.555555555555, 
          29411.11111111111, 
          29522.222222222223, 
          29555.555555555555, 
          29611.11111111111, 
          29655.555555555555, 
          29711.11111111111, 
          29811.11111111111, 
          29922.222222222223, 
          29955.555555555555, 
          30011.11111111111, 
          30055.555555555555, 
          30111.11111111111, 
          30155.555555555555, 
          30211.11111111111, 
          30255.555555555555, 
          30322.222222222223, 
          30355.555555555555, 
          30411.11111111111, 
          30511.11111111111, 
          30555.555555555555, 
          30722.222222222223, 
          30811.11111111111, 
          30888.88888888889, 
          30944.444444444445, 
          30988.88888888889, 
          31044.444444444445, 
          31144.444444444445, 
          31244.444444444445, 
          31288.88888888889, 
          31344.444444444445, 
          31377.777777777777, 
          31444.444444444445, 
          31477.777777777777, 
          31522.222222222223, 
          31588.88888888889, 
          31622.222222222223, 
          31677.777777777777, 
          31744.444444444445, 
          31911.11111111111, 
          31955.555555555555, 
          31988.88888888889, 
          32011.11111111111, 
          32022.222222222223, 
          32044.444444444445, 
          32055.555555555555, 
          32077.777777777777, 
          32111.11111111111
        ], 
        "run_time": 4366.666666666664, 
        "freeze_frames": 321, 
        "folder": "test_firefox_facebook_ft_type_composerbox_100_txt_1494404822", 
        "actual_paint_frames": 73
      }
    ], 
    "web_app_name": "facebook", 
    "description": null, 
    "detail": [
      {
        "start": "C:\\Users\\user\\Hasal\\output\\images\\output\\test_firefox_facebook_ft_type_composerbox_100_txt_1494404822\\image_02497.bmp", 
        "time_seq": 27744.444444444445
      }, 
      {
        "time_seq": 32111.11111111111, 
        "end": "C:\\Users\\user\\Hasal\\output\\images\\output\\test_firefox_facebook_ft_type_composerbox_100_txt_1494404822\\image_02890.bmp"
      }
    ], 
    "total_run_no": 1, 
    "pkg_platform": "", 
    "error_no": 0, 
    "video_fp": "C:\\Users\\user\\Hasal\\output\\videos\\test_firefox_facebook_ft_type_composerbox_100_txt_1494404822.mkv", 
    "revision": ""
  }
}